epoch,step,train_loss
16,49,0.011845569126307964
33,99,0.008004825562238693
49,149,0.0027716478798538446
